Section,Title,Primary_Source_URL,Source_Host,Passages_Retained,Words_Retained,Compiled_By,Data_Verification_Source
1,Time-Dependent Stress Rupture Strength Degradation of Hi-Nicalon Fiber-Reinforced Silicon Carbide Composites at Intermed,https://ntrs.nasa.gov/citations/20160001159,ntrs.nasa.gov,10,1558,KiON Defense Technologies Archive,https://kiondefense.com/#s1
2,Oxidation of an Environmental Barrier Coated Ceramic Matrix Composite in a Combustion Environment,https://ntrs.nasa.gov/citations/20250002624,ntrs.nasa.gov,10,1562,KiON Defense Technologies Archive,https://kiondefense.com/#s2
3,Oxidation of an Environmental Barrier Coated Ceramic Matrix Composite in a Combustion Environme,https://ntrs.nasa.gov/citations/20250006556,ntrs.nasa.gov,10,1527,KiON Defense Technologies Archive,https://kiondefense.com/#s3
4,Thermal Residual Stress in Environmental Barrier Coated Silicon Nitride - Modeled,https://ntrs.nasa.gov/citations/20090013863,ntrs.nasa.gov,10,1553,KiON Defense Technologies Archive,https://kiondefense.com/#s4
5,Oxidation Study of an Ultra High Temperature Ceramic Coatings Based on HfSiCN,https://ntrs.nasa.gov/citations/20180002071,ntrs.nasa.gov,10,1525,KiON Defense Technologies Archive,https://kiondefense.com/#s5
6,Crack Opening Displacement Behavior in Ceramic Matrix Composites,https://ntrs.nasa.gov/citations/20170009567,ntrs.nasa.gov,5,817,KiON Defense Technologies Archive,https://kiondefense.com/#s6
7,Environmental Stability and Oxidation Behavior of HfO2-Si and YbGd(O) Based Environmental Barrier Coating Systems for Si,https://ntrs.nasa.gov/citations/20170005222,ntrs.nasa.gov,10,1355,KiON Defense Technologies Archive,https://kiondefense.com/#s7
8,A Review of Direct Ink Writing of Polymer Derived Ceramics,https://ntrs.nasa.gov/citations/20260007754,ntrs.nasa.gov,10,1410,KiON Defense Technologies Archive,https://kiondefense.com/#s8
9,Damage Characterization of EBC-SiCSiC Ceramic Matrix Composites Under Imposed Thermal Gradient Testing,https://ntrs.nasa.gov/citations/20140008857,ntrs.nasa.gov,10,1367,KiON Defense Technologies Archive,https://kiondefense.com/#s9
10,Oxidation Study of an Ultra High Temperature Ceramic Coatings Based on HfSICN,https://ntrs.nasa.gov/citations/20180004650,ntrs.nasa.gov,10,1388,KiON Defense Technologies Archive,https://kiondefense.com/#s10
11,"Compact, Lightweight, Ceramic Matrix Composite (CMC) Based Acoustic Liners for Reducing Subsonic Jet Aircraft Engine Noi",https://ntrs.nasa.gov/citations/20170004839,ntrs.nasa.gov,10,1349,KiON Defense Technologies Archive,https://kiondefense.com/#s11
12,Oxidation Study of an Ultra High Temperature Ceramic Coatings Based on HfSiCN,https://ntrs.nasa.gov/citations/20180002429,ntrs.nasa.gov,10,1525,KiON Defense Technologies Archive,https://kiondefense.com/#s12
13,Characterization of SiC Fiber (SCS-6) Reinforced-Reaction-Formed Silicon Carbide Matrix Composites,https://ntrs.nasa.gov/citations/19970026039,ntrs.nasa.gov,10,1395,KiON Defense Technologies Archive,https://kiondefense.com/#s13
14,"Methods for Producing High-Performance Silicon Carbide Fibers, Architectural Preforms, and High",https://ntrs.nasa.gov/citations/20150003383,ntrs.nasa.gov,10,1554,KiON Defense Technologies Archive,https://kiondefense.com/#s14
15,Characterization of SiC (SCS-6) Fiber Reinforced Reaction-Formed Silicon Carbide Matrix Composites,https://ntrs.nasa.gov/citations/19970004792,ntrs.nasa.gov,10,1411,KiON Defense Technologies Archive,https://kiondefense.com/#s15
16,Oxidation Behavior of Carbon Fiber Reinforced Silicon Carbide Composites,https://ntrs.nasa.gov/citations/19970003125,ntrs.nasa.gov,10,1492,KiON Defense Technologies Archive,https://kiondefense.com/#s16
17,Process for making silicon carbide reinforced silicon carbide composite,https://ntrs.nasa.gov/citations/20080004547,ntrs.nasa.gov,10,1421,KiON Defense Technologies Archive,https://kiondefense.com/#s17
18,Tests of NASA ceramic thermal barrier coating for gas-turbine engines,https://ntrs.nasa.gov/citations/19790011947,ntrs.nasa.gov,10,1471,KiON Defense Technologies Archive,https://kiondefense.com/#s18
19,Silicon carbide reinforced silicon carbide composite,https://ntrs.nasa.gov/citations/20080004897,ntrs.nasa.gov,10,1480,KiON Defense Technologies Archive,https://kiondefense.com/#s19
20,Silicon nitride:  A ceramic material with outstanding resistance to thermal shock and corrosion,https://ntrs.nasa.gov/citations/19840008268,ntrs.nasa.gov,10,872,KiON Defense Technologies Archive,https://kiondefense.com/#s20
21,Joining and Assembly of Silicon Carbide-based Advanced Ceramics and Composites for High Tempera,https://ntrs.nasa.gov/citations/20050198934,ntrs.nasa.gov,1,182,KiON Defense Technologies Archive,https://kiondefense.com/#s21
22,Oxidation of Carbon Fibers in a Cracked Ceramic Matrix Composite Modeled as a Function of Temperature,https://ntrs.nasa.gov/citations/20050214741,ntrs.nasa.gov,6,812,KiON Defense Technologies Archive,https://kiondefense.com/#s22
